image,color,x,y,shape,status
input_traffic_light_1.jpg,GREEN,152,180,circle,gt
input_traffic_light_1.jpg,GREEN,221,180,circle,gt
input_traffic_light_2.jpg,RED,192,63,circle,gt
input_traffic_light_3.jpg,RED,55,60,circle,gt
input_traffic_light_3.jpg,RED,357,58,circle,gt
input_traffic_light_4.jpg,RED,410,308,circle,gt
input_traffic_light_5.jpg,RED,808,198,circle,gt
input_traffic_light_6.jpg,YELLOW,289,129,circle,gt
input_traffic_light_6.jpg,YELLOW,747,151,circle,ambig
input_traffic_light_7.jpg,GREEN,280,289,circle,gt
input_traffic_light_8.jpg,RED,37,128,arrow,ambig
input_traffic_light_8.jpg,YELLOW,131,126,circle,gt
input_traffic_light_9.jpg,YELLOW,200,74,circle,gt
input_traffic_light_10.jpg,YELLOW,225,113,circle,gt
input_traffic_light_11.jpg,YELLOW,112,89,circle,gt
input_traffic_light_12.jpg,YELLOW,29,50,circle,gt
input_traffic_light_12.jpg,YELLOW,118,49,circle,gt
input_traffic_light_12.jpg,YELLOW,208,48,circle,gt
input_traffic_light_13.jpg,GREEN,188,76,circle,gt
input_traffic_light_13.jpg,RED,189,54,circle,gt
input_traffic_light_14.jpg,RED,213,108,circle,gt
input_traffic_light_14.jpg,GREEN,265,109,circle,gt
input_traffic_light_15.jpg,RED,91,75,circle,gt
input_traffic_light_16.jpg,GREEN,608,290,circle,gt
input_traffic_light_16.jpg,GREEN,676,295,circle,gt
input_traffic_light_17.jpg,YELLOW,501,282,circle,gt
input_traffic_light_17.jpg,YELLOW,574,286,circle,gt
input_traffic_light_18.jpg,GREEN,369,261,arrow,gt
input_traffic_light_18.jpg,GREEN,485,259,arrow,gt
input_traffic_light_18.jpg,GREEN,583,259,circle,gt
input_traffic_light_18.jpg,RED,609,247,other,ambig
input_traffic_light_19.jpg,RED,547,223,circle,gt
input_traffic_light_19.jpg,RED,677,381,other,ambig
input_traffic_light_20.jpg,GREEN,712,221,circle,gt
input_traffic_light_21.jpg,RED,663,194,circle,gt
input_traffic_light_22.jpg,RED,131,342,other,ambig
input_traffic_light_22.jpg,RED,628,190,circle,gt
input_traffic_light_22.jpg,RED,734,192,circle,gt
input_traffic_light_23.jpg,GREEN,505,241,circle,gt
input_traffic_light_23.jpg,GREEN,608,245,circle,gt
input_traffic_light_23.jpg,RED,715,342,other,ambig
input_traffic_light_24.jpg,YELLOW,548,285,circle,gt
input_traffic_light_24.jpg,YELLOW,651,291,circle,gt
input_traffic_light_24.jpg,RED,759,389,other,ambig
input_traffic_light_25.jpg,RED,639,264,circle,gt
input_traffic_light_25.jpg,RED,844,358,other,ambig
input_traffic_light_26.jpg,GREEN,645,239,circle,gt
input_traffic_light_26.jpg,RED,997,342,other,ambig
input_traffic_light_27.jpg,YELLOW,503,167,circle,gt
input_traffic_light_27.jpg,YELLOW,618,167,circle,gt
input_traffic_light_27.jpg,RED,831,284,other,ambig
input_traffic_light_28.jpg,RED,528,164,circle,gt
input_traffic_light_28.jpg,RED,644,164,circle,ambig
input_traffic_light_28.jpg,RED,853,298,other,ambig
input_traffic_light_29.jpg,RED,513,204,arrow,gt
input_traffic_light_29.jpg,RED,580,201,arrow,gt
input_traffic_light_29.jpg,RED,653,200,circle,gt
input_traffic_light_30.jpg,GREEN,529,238,arrow,gt
input_traffic_light_30.jpg,GREEN,597,237,arrow,gt
input_traffic_light_30.jpg,GREEN,669,238,circle,gt
input_traffic_light_31.jpg,GREEN,616,241,circle,gt
input_traffic_light_31.jpg,GREEN,669,245,circle,gt
input_traffic_light_31.jpg,RED,904,332,circle,ambig
input_traffic_light_31.jpg,GREEN,926,337,circle,ambig
input_traffic_light_32.jpg,GREEN,159,321,circle,ambig
input_traffic_light_32.jpg,RED,171,323,other,ambig
input_traffic_light_32.jpg,GREEN,601,267,circle,gt
input_traffic_light_32.jpg,GREEN,672,327,circle,ambig
input_traffic_light_32.jpg,RED,694,240,arrow,gt
input_traffic_light_33.jpg,RED,139,375,other,ambig
input_traffic_light_33.jpg,RED,578,306,circle,gt
input_traffic_light_33.jpg,RED,668,321,arrow,gt
input_traffic_light_34.jpg,RED,508,187,circle,gt
input_traffic_light_34.jpg,RED,574,189,circle,gt
input_traffic_light_35.jpg,RED,192,202,circle,gt
input_traffic_light_35.jpg,GREEN,637,110,circle,gt
input_traffic_light_35.jpg,RED,882,207,other,ambig
input_traffic_light_36.jpg,RED,259,258,other,ambig
input_traffic_light_36.jpg,RED,700,138,circle,gt
input_traffic_light_36.jpg,RED,959,259,other,ambig
input_traffic_light_37.jpg,YELLOW,487,260,circle,gt
input_traffic_light_37.jpg,YELLOW,562,260,circle,gt
input_traffic_light_37.jpg,RED,624,331,circle,ambig
input_traffic_light_38.jpg,RED,481,232,circle,gt
input_traffic_light_38.jpg,RED,557,234,circle,gt
input_traffic_light_38.jpg,RED,619,314,circle,ambig
input_traffic_light_39.jpg,RED,75,245,other,ambig
input_traffic_light_39.jpg,RED,644,158,circle,gt
input_traffic_light_41.jpg,RED,527,223,circle,gt
input_traffic_light_41.jpg,RED,595,225,circle,gt
input_traffic_light_41.jpg,RED,722,298,circle,ambig
input_traffic_light_43.jpg,GREEN,529,217,circle,ambig
input_traffic_light_43.jpg,GREEN,529,217,circle,ambig
input_traffic_light_44.jpg,RED,635,291,circle,ambig
input_traffic_light_45.jpg,RED,507,225,circle,gt
input_traffic_light_45.jpg,RED,536,225,circle,gt
input_traffic_light_45.jpg,RED,639,282,circle,ambig
input_traffic_light_32.jpg,RED,10,266,circle,gt
input_traffic_light_40.jpg,RED,666,290,circle,gt
input_traffic_light_44.jpg,YELLOW,504,240,circle,gt
input_traffic_light_44.jpg,YELLOW,534,240,circle,gt
input_traffic_light_34.jpg,RED,204,270,other,ambig
input_traffic_light_39.jpg,RED,22,156,other,ambig
input_traffic_light_39.jpg,RED,756,288,other,ambig
input_traffic_light_39.jpg,GREEN,298,294,circle,ambig
input_traffic_light_42.jpg,RED,24,258,other,ambig
input_traffic_light_43.jpg,GREEN,642,270,circle,ambig
